{
    "nDCG": {
        "NDCG@1": 0.28571,
        "NDCG@3": 0.25809,
        "NDCG@5": 0.25005,
        "NDCG@10": 0.24871,
        "NDCG@100": 0.37054,
        "NDCG@1000": 0.48126
    },
    "MAP": {
        "MAP@1": 0.02638,
        "MAP@3": 0.05004,
        "MAP@5": 0.06776,
        "MAP@10": 0.09743,
        "MAP@100": 0.16315,
        "MAP@1000": 0.17808
    },
    "Recall": {
        "R_cap@1": 0.30612,
        "R_cap@3": 0.26531,
        "R_cap@5": 0.25306,
        "R_cap@10": 0.25005,
        "R_cap@100": 0.48361,
        "R_cap@1000": 0.81443
    },
    "Precision": {
        "P@1": 0.30612,
        "P@3": 0.26531,
        "P@5": 0.25306,
        "P@10": 0.23061,
        "P@100": 0.07857,
        "P@1000": 0.01516
    },
    "mrr": {
        "MRR@1": 0.30612,
        "MRR@3": 0.42517,
        "MRR@5": 0.44456,
        "MRR@10": 0.46603,
        "MRR@100": 0.47113,
        "MRR@1000": 0.47113
    },
    "hole": {
        "Hole@1": 0.55102,
        "Hole@3": 0.61905,
        "Hole@5": 0.64898,
        "Hole@10": 0.69184,
        "Hole@100": 0.87878,
        "Hole@1000": 0.96718
    }
}