{
    "nDCG": {
        "NDCG@1": 0.62245,
        "NDCG@3": 0.63383,
        "NDCG@5": 0.61804,
        "NDCG@10": 0.55918,
        "NDCG@100": 0.58541,
        "NDCG@1000": 0.69001
    },
    "MAP": {
        "MAP@1": 0.02789,
        "MAP@3": 0.07422,
        "MAP@5": 0.11685,
        "MAP@10": 0.18929,
        "MAP@100": 0.38101,
        "MAP@1000": 0.40712
    },
    "Recall": {
        "R_cap@1": 0.69388,
        "R_cap@3": 0.7551,
        "R_cap@5": 0.73878,
        "R_cap@10": 0.63197,
        "R_cap@100": 0.62886,
        "R_cap@1000": 0.87857
    },
    "Precision": {
        "P@1": 0.69388,
        "P@3": 0.7551,
        "P@5": 0.73878,
        "P@10": 0.63061,
        "P@100": 0.1902,
        "P@1000": 0.02876
    },
    "mrr": {
        "MRR@1": 0.69388,
        "MRR@3": 0.84014,
        "MRR@5": 0.84014,
        "MRR@10": 0.84014,
        "MRR@100": 0.84014,
        "MRR@1000": 0.84014
    },
    "hole": {
        "Hole@1": 0.04082,
        "Hole@3": 0.06122,
        "Hole@5": 0.0898,
        "Hole@10": 0.19592,
        "Hole@100": 0.7551,
        "Hole@1000": 0.94773
    }
}