{
    "nDCG": {
        "NDCG@1": 0.60204,
        "NDCG@3": 0.6256,
        "NDCG@5": 0.63501,
        "NDCG@10": 0.65014,
        "NDCG@100": 0.60019,
        "NDCG@1000": 0.70791
    },
    "MAP": {
        "MAP@1": 0.03052,
        "MAP@3": 0.07788,
        "MAP@5": 0.12413,
        "MAP@10": 0.23775,
        "MAP@100": 0.40928,
        "MAP@1000": 0.43666
    },
    "Recall": {
        "R_cap@1": 0.7551,
        "R_cap@3": 0.77551,
        "R_cap@5": 0.77959,
        "R_cap@10": 0.78912,
        "R_cap@100": 0.62817,
        "R_cap@1000": 0.89611
    },
    "Precision": {
        "P@1": 0.7551,
        "P@3": 0.77551,
        "P@5": 0.77959,
        "P@10": 0.78776,
        "P@100": 0.19061,
        "P@1000": 0.02914
    },
    "mrr": {
        "MRR@1": 0.7551,
        "MRR@3": 0.86054,
        "MRR@5": 0.86463,
        "MRR@10": 0.86463,
        "MRR@100": 0.86463,
        "MRR@1000": 0.86463
    },
    "hole": {
        "Hole@1": 0.02041,
        "Hole@3": 0.0068,
        "Hole@5": 0.00408,
        "Hole@10": 0.00204,
        "Hole@100": 0.75449,
        "Hole@1000": 0.94906
    }
}