{
    "nDCG": {
        "NDCG@1": 0.71429,
        "NDCG@3": 0.7415,
        "NDCG@5": 0.73219,
        "NDCG@10": 0.71817,
        "NDCG@100": 0.6669,
        "NDCG@1000": 0.75552
    },
    "MAP": {
        "MAP@1": 0.02923,
        "MAP@3": 0.08231,
        "MAP@5": 0.13246,
        "MAP@10": 0.24566,
        "MAP@100": 0.48165,
        "MAP@1000": 0.50703
    },
    "Recall": {
        "R_cap@1": 0.79592,
        "R_cap@3": 0.87075,
        "R_cap@5": 0.85714,
        "R_cap@10": 0.82585,
        "R_cap@100": 0.6862,
        "R_cap@1000": 0.89905
    },
    "Precision": {
        "P@1": 0.79592,
        "P@3": 0.87075,
        "P@5": 0.85714,
        "P@10": 0.82449,
        "P@100": 0.22367,
        "P@1000": 0.03133
    },
    "mrr": {
        "MRR@1": 0.79592,
        "MRR@3": 0.89456,
        "MRR@5": 0.89456,
        "MRR@10": 0.89456,
        "MRR@100": 0.89456,
        "MRR@1000": 0.89456
    },
    "hole": {
        "Hole@1": 0.0,
        "Hole@3": 0.0,
        "Hole@5": 0.0,
        "Hole@10": 0.0,
        "Hole@100": 0.71327,
        "Hole@1000": 0.94508
    }
}