{
    "nDCG": {
        "NDCG@1": 0.73469,
        "NDCG@3": 0.69775,
        "NDCG@5": 0.68701,
        "NDCG@10": 0.68173,
        "NDCG@100": 0.61996,
        "NDCG@1000": 0.71949
    },
    "MAP": {
        "MAP@1": 0.03433,
        "MAP@3": 0.08555,
        "MAP@5": 0.1347,
        "MAP@10": 0.25319,
        "MAP@100": 0.43113,
        "MAP@1000": 0.45607
    },
    "Recall": {
        "R_cap@1": 0.85714,
        "R_cap@3": 0.81633,
        "R_cap@5": 0.82449,
        "R_cap@10": 0.81565,
        "R_cap@100": 0.64038,
        "R_cap@1000": 0.8798
    },
    "Precision": {
        "P@1": 0.85714,
        "P@3": 0.81633,
        "P@5": 0.82449,
        "P@10": 0.81429,
        "P@100": 0.19449,
        "P@1000": 0.02867
    },
    "mrr": {
        "MRR@1": 0.85714,
        "MRR@3": 0.91497,
        "MRR@5": 0.91905,
        "MRR@10": 0.91905,
        "MRR@100": 0.91905,
        "MRR@1000": 0.91905
    },
    "hole": {
        "Hole@1": 0.0,
        "Hole@3": 0.0,
        "Hole@5": 0.0,
        "Hole@10": 0.00408,
        "Hole@100": 0.75082,
        "Hole@1000": 0.94994
    }
}