{
    "nDCG": {
        "NDCG@1": 0.69388,
        "NDCG@2": 0.70572,
        "NDCG@3": 0.70773,
        "NDCG@5": 0.68809,
        "NDCG@10": 0.67889,
        "NDCG@20": 0.58551,
        "NDCG@100": 0.61202,
        "NDCG@1000": 0.71199
    },
    "MAP": {
        "MAP@1": 0.02931,
        "MAP@2": 0.05647,
        "MAP@3": 0.08342,
        "MAP@5": 0.12988,
        "MAP@10": 0.2407,
        "MAP@20": 0.33839,
        "MAP@100": 0.42571,
        "MAP@1000": 0.45074
    },
    "Recall": {
        "Recall@1": 0.02931,
        "Recall@2": 0.05811,
        "Recall@3": 0.08669,
        "Recall@5": 0.13835,
        "Recall@10": 0.27119,
        "Recall@20": 0.40706,
        "Recall@100": 0.62995,
        "Recall@1000": 0.87859
    },
    "Precision": {
        "P@1": 0.83673,
        "P@2": 0.84694,
        "P@3": 0.84354,
        "P@5": 0.81633,
        "P@10": 0.79388,
        "P@20": 0.58776,
        "P@100": 0.19286,
        "P@1000": 0.02863
    },
    "mrr": {
        "MRR@1": 0.83673,
        "MRR@2": 0.89796,
        "MRR@3": 0.89796,
        "MRR@5": 0.90204,
        "MRR@10": 0.90544,
        "MRR@20": 0.90544,
        "MRR@100": 0.90544,
        "MRR@1000": 0.90544
    },
    "hole": {
        "Hole@1": 0.0,
        "Hole@2": 0.0,
        "Hole@3": 0.0,
        "Hole@5": 0.0,
        "Hole@10": 0.0,
        "Hole@20": 0.26735,
        "Hole@100": 0.75245,
        "Hole@1000": 0.95073
    }
}