{
    "nDCG": {
        "NDCG@1": 0.29592,
        "NDCG@3": 0.26228,
        "NDCG@5": 0.24493,
        "NDCG@10": 0.23727,
        "NDCG@100": 0.34846,
        "NDCG@1000": 0.46679
    },
    "MAP": {
        "MAP@1": 0.02377,
        "MAP@3": 0.04867,
        "MAP@5": 0.06421,
        "MAP@10": 0.09182,
        "MAP@100": 0.14768,
        "MAP@1000": 0.16337
    },
    "Recall": {
        "R_cap@1": 0.32653,
        "R_cap@3": 0.27211,
        "R_cap@5": 0.2449,
        "R_cap@10": 0.2344,
        "R_cap@100": 0.45176,
        "R_cap@1000": 0.80955
    },
    "Precision": {
        "P@1": 0.32653,
        "P@3": 0.27211,
        "P@5": 0.2449,
        "P@10": 0.21633,
        "P@100": 0.07408,
        "P@1000": 0.01514
    },
    "mrr": {
        "MRR@1": 0.32653,
        "MRR@3": 0.42177,
        "MRR@5": 0.44116,
        "MRR@10": 0.46049,
        "MRR@100": 0.47243,
        "MRR@1000": 0.47243
    },
    "hole": {
        "Hole@1": 0.5102,
        "Hole@3": 0.60544,
        "Hole@5": 0.64082,
        "Hole@10": 0.69388,
        "Hole@100": 0.88163,
        "Hole@1000": 0.96596
    }
}