{
    "nDCG": {
        "NDCG@1": 0.20408,
        "NDCG@3": 0.15441,
        "NDCG@5": 0.15607,
        "NDCG@10": 0.16249,
        "NDCG@100": 0.30565,
        "NDCG@1000": 0.42964
    },
    "MAP": {
        "MAP@1": 0.02277,
        "MAP@3": 0.03409,
        "MAP@5": 0.04869,
        "MAP@10": 0.06875,
        "MAP@100": 0.12285,
        "MAP@1000": 0.13922
    },
    "Recall": {
        "R_cap@1": 0.22449,
        "R_cap@3": 0.14966,
        "R_cap@5": 0.15918,
        "R_cap@10": 0.16398,
        "R_cap@100": 0.431,
        "R_cap@1000": 0.81051
    },
    "Precision": {
        "P@1": 0.22449,
        "P@3": 0.14966,
        "P@5": 0.15918,
        "P@10": 0.14694,
        "P@100": 0.06755,
        "P@1000": 0.01498
    },
    "mrr": {
        "MRR@1": 0.22449,
        "MRR@3": 0.27551,
        "MRR@5": 0.30306,
        "MRR@10": 0.31881,
        "MRR@100": 0.33459,
        "MRR@1000": 0.33496
    },
    "hole": {
        "Hole@1": 0.69388,
        "Hole@3": 0.78231,
        "Hole@5": 0.75102,
        "Hole@10": 0.77755,
        "Hole@100": 0.89245,
        "Hole@1000": 0.96718
    }
}