{
    "nDCG": {
        "NDCG@1": 0.32653,
        "NDCG@2": 0.26732,
        "NDCG@3": 0.28791,
        "NDCG@5": 0.28018,
        "NDCG@10": 0.27152,
        "NDCG@20": 0.2844,
        "NDCG@100": 0.37963,
        "NDCG@1000": 0.49566
    },
    "MAP": {
        "MAP@1": 0.02617,
        "MAP@2": 0.03477,
        "MAP@3": 0.05161,
        "MAP@5": 0.07088,
        "MAP@10": 0.1029,
        "MAP@20": 0.13197,
        "MAP@100": 0.16656,
        "MAP@1000": 0.18392
    },
    "Recall": {
        "Recall@1": 0.02617,
        "Recall@2": 0.03732,
        "Recall@3": 0.06663,
        "Recall@5": 0.10206,
        "Recall@10": 0.18122,
        "Recall@20": 0.26505,
        "Recall@100": 0.47132,
        "Recall@1000": 0.8337
    },
    "Precision": {
        "P@1": 0.34694,
        "P@2": 0.26531,
        "P@3": 0.29932,
        "P@5": 0.2898,
        "P@10": 0.25714,
        "P@20": 0.19898,
        "P@100": 0.07878,
        "P@1000": 0.01555
    },
    "mrr": {
        "MRR@1": 0.34694,
        "MRR@2": 0.39796,
        "MRR@3": 0.44558,
        "MRR@5": 0.48231,
        "MRR@10": 0.50438,
        "MRR@20": 0.50825,
        "MRR@100": 0.50863,
        "MRR@1000": 0.50863
    },
    "hole": {
        "Hole@1": 0.53061,
        "Hole@2": 0.62245,
        "Hole@3": 0.59864,
        "Hole@5": 0.62449,
        "Hole@10": 0.66327,
        "Hole@20": 0.74184,
        "Hole@100": 0.88388,
        "Hole@1000": 0.9662
    }
}